{"cameraMode":{"drawMode":0,"name":"Shaded","section":"Shading Mode"},"sceneLighting":true,"audioPlay":false,"sceneViewState":{"showFog":true,"showMaterialUpdate":false,"showSkybox":true,"showFlares":true,"showImageEffects":true,"showParticleSystems":true},"in2DMode":false,"pivot":{"x":0.7049551010131836,"y":0.34366413950920107,"z":-0.08203125},"rotation":{"x":-0.12771280109882356,"y":-0.651989221572876,"z":0.08796703070402146,"w":-0.7422003746032715},"size":8.675704002380371,"orthographic":true}